number,group,zero_based_index,name_from_exe,vmt_or_probe_va,baseline_status,current_status,implementation_stage,classes,file_types
1,archive,0,Git Object,00734548,missing,verified_subset,integrated_verified_subset,XGitObjectArchive,FT_GIT_OBJECT
2,archive,1,CPIO,004bee48,verified_subset,verified_subset,baseline_inventory,XCPIO,FT_CPIO
3,archive,2,RPM,004c0218,implemented_unverified,implemented_unverified,baseline_inventory,XRPM,FT_RPM
4,archive,3,AODOS,005aea78,implemented_unverified,implemented_unverified,baseline_inventory,XAODOS,FT_AODOS
5,archive,4,DMG,0049e298,partial,partial,baseline_inventory,XDMG,FT_DMG
6,archive,5,DiskJuggler,0049f1c0,partial,partial,baseline_inventory,XDiskJugglerArchive,FT_DISKJUGGLER_CDI
7,archive,6,Raw Image,0049bc68,missing,missing,baseline_inventory,,
8,archive,7,ISO,0045f878,partial,partial,baseline_inventory,XISO9660,FT_ISO9660
9,archive,8,DCP,004c2458,missing,missing,baseline_inventory,,
10,archive,9,SOS,00428fa8,missing,missing,baseline_inventory,,
11,archive,10,ADF,00428298,partial,verified_subset,direct_u3_observed_port_2026_09_05,XADFArchive,FT_AMIGA_ADF
12,archive,11,VHD Fixed,0049bdb0,partial,verified_subset,integrated_verified_subset,XVirtualDiskArchive;XNTFSArchive,FT_VHD
13,archive,12,VHD Dynamic,0049bef8,partial,verified_subset,integrated_verified_subset,XVirtualDiskArchive;XNTFSArchive,FT_VHD
14,archive,13,VMDK,0049c188,missing,missing,baseline_inventory,,
15,archive,14,Cloop,0049c2c8,missing,missing,baseline_inventory,,
16,archive,15,BZIP1,004c3a78,implemented_unverified,implemented_unverified,baseline_inventory,XBZIP1,FT_BZIP1
17,archive,16,TAR+BZIP2,005afa88,verified_subset,verified_subset,baseline_inventory,XTAR_BZIP2,FT_TAR_BZIP2
18,archive,17,BZIP2,00433038,verified_subset,verified_subset,baseline_inventory,XBZIP2,FT_BZIP2
19,archive,18,SZDD,004c42b8,implemented_unverified,implemented_unverified,baseline_inventory,XSZDD,FT_SZDD
20,archive,19,SZ,004c4da8,missing,missing,baseline_inventory,,
21,archive,20,TAR+GZIP,0045f288,verified_subset,verified_subset,baseline_inventory,XTAR_GZ,FT_TAR_GZ
22,archive,21,GZIP,0045e838,verified_subset,verified_subset,baseline_inventory,XGzip,FT_GZIP
23,archive,22,Z,004c60e8,verified_subset,verified_subset,baseline_inventory,XCompressZ,FT_COMPRESS
24,archive,23,IS11,004c65d8,implemented_unverified,implemented_unverified,baseline_inventory,XDearkArchive,FT_DEARK_LEGACY_ARCHIVE
25,archive,24,IS13,004c6b68,implemented_unverified,implemented_unverified,baseline_inventory,XDearkArchive,FT_DEARK_LEGACY_ARCHIVE
26,archive,25,IS3,004c70c8,implemented_unverified,implemented_unverified,baseline_inventory,XLegacyStoreArchive,FT_INSTALLSHIELD3_ARCHIVE
27,archive,26,IS3 INST,004c7e98,implemented_unverified,implemented_unverified,baseline_inventory,XDearkArchive,FT_DEARK_LEGACY_ARCHIVE
28,archive,27,IS7 BOOT,004c8458,implemented_unverified,implemented_unverified,baseline_inventory,XLegacyStoreArchive,FT_INSTALLSHIELD_BOOT
29,archive,28,IS7 INX,004c89f8,missing,missing,baseline_inventory,,
30,archive,29,IS ISN,004c8e28,missing,missing,baseline_inventory,,
31,archive,30,MATLAB5,004e3300,missing,missing,baseline_inventory,,
32,archive,31,MATLAB6,004e3440,missing,missing,baseline_inventory,,
33,archive,32,MATLAB7,004e3580,missing,missing,baseline_inventory,,
34,archive,33,SCO,004e5268,implemented_unverified,implemented_unverified,baseline_inventory,XDearkArchive,FT_DEARK_LEGACY_ARCHIVE
35,archive,34,LZX,004e56c8,implemented_unverified,implemented_unverified,baseline_inventory,XLZXArchive,FT_AMIGA_LZX
36,archive,35,ARC,004e97f8,verified_subset,verified_subset,integrated_verified_subset,XSEAARC;XArcDecoder;XPakDecoder,FT_ARC
37,archive,36,ZOO,004ea308,implemented_unverified,implemented_unverified,baseline_inventory,XZOO,FT_ZOO
38,archive,37,BinHex,004eb228,partial,partial,baseline_inventory,XLegacyEncoded,FT_BINHEX
39,archive,38,MacBinary,004ebdf8,implemented_unverified,implemented_unverified,baseline_inventory,XMacBinary,FT_MACBINARY
40,archive,39,RAR,004b58c8,partial,verified_subset,direct_u3_observed_port_2026_09_05,XRar,FT_RAR
41,archive,40,EDILZSS,004ec758,implemented_unverified,implemented_unverified,baseline_inventory,XDearkArchive,FT_DEARK_LEGACY_ARCHIVE
42,archive,41,ARCV,004ede08,implemented_unverified,implemented_unverified,baseline_inventory,XLegacyStoreArchive,FT_ARCV
43,archive,42,ARCV2,004ee5b8,implemented_unverified,implemented_unverified,baseline_inventory,XARCV2,FT_ARCV2
44,archive,43,MAR,004ef038,missing,missing,baseline_inventory,,
45,archive,44,KWAJ,004f0728,implemented_unverified,implemented_unverified,baseline_inventory,XKWAJ,FT_KWAJ
46,archive,45,NetWare1,004f1ca8,missing,missing,baseline_inventory,,
47,archive,46,NetWare2,004f2088,missing,missing,baseline_inventory,,
48,archive,47,LBR,004f2708,implemented_unverified,implemented_unverified,baseline_inventory,XLBR,FT_CPM_LBR
49,archive,48,Squeeze1,004f2dd8,partial,partial,baseline_inventory,XDearkArchive,FT_DEARK_LEGACY_ARCHIVE
50,archive,49,Squeeze2,004f3348,partial,partial,baseline_inventory,XDearkArchive,FT_DEARK_LEGACY_ARCHIVE
51,archive,50,Crunch,004f4378,verified_subset,verified_subset,baseline_inventory,XCpmCompressedArchive,FT_CPM_CRUNCH
52,archive,51,CPMLZH,004f4968,verified_subset,verified_subset,baseline_inventory,XCpmCompressedArchive,FT_CPM_LZH
53,archive,52,LHA,004f6368,implemented_unverified,implemented_unverified,baseline_inventory,XLHA,FT_LHA
54,archive,53,CRLF,0054a528,missing,missing,baseline_inventory,,
55,archive,54,ARJ,004f90f8,partial,partial,baseline_inventory,XARJ,FT_ARJ
56,archive,55,ZIP PSC,0072b398,missing,missing,baseline_inventory,,
57,archive,56,ZIP,004dfd08,partial,partial,baseline_inventory,XZip,FT_ZIP
58,archive,57,Freeze2,004fa228,verified_subset,verified_subset,baseline_inventory,XAncient,FT_FREEZE
59,archive,58,BH,004fb758,missing,missing,baseline_inventory,,
60,archive,59,ACE,00500498,implemented_unverified,verified_subset,direct_u3_observed_port_2026_09_05,XACE,FT_ACE
61,archive,60,SPIS,00501c48,implemented_unverified,implemented_unverified,baseline_inventory,XSPIS,FT_SPIS
62,archive,61,Oberon,0050feb8,missing,missing,baseline_inventory,,
63,archive,62,HDCopy,0049dc40,missing,missing,baseline_inventory,,
64,archive,63,HUFF,005103d8,missing,missing,baseline_inventory,,
65,archive,64,DH,00510d48,missing,missing,baseline_inventory,,
66,archive,65,PCInstall,005113e8,implemented_unverified,implemented_unverified,baseline_inventory,XPCInstall,FT_PCINSTALL
67,archive,66,Instalit,00511a78,implemented_unverified,implemented_unverified,baseline_inventory,XLegacyStoreArchive,FT_INSTALIT_DATA
68,archive,67,PP20,00512478,verified_subset,verified_subset,baseline_inventory,XAncient,FT_PP20
69,archive,68,Quantum,005143f8,missing,missing,baseline_inventory,,
70,archive,69,ISCF,00683728,missing,missing,baseline_inventory,,
71,archive,70,CAB,004cb058,implemented_unverified,implemented_unverified,baseline_inventory,XCab,FT_CAB
72,archive,71,LSZ,005150b8,missing,missing,baseline_inventory,,
73,archive,72,BWF,005156a8,missing,missing,baseline_inventory,,
74,archive,73,Solitaire Deluxe,00515c38,implemented_unverified,implemented_unverified,baseline_inventory,XLegacyStoreArchive,FT_SOLITAIRE_DELUXE
75,archive,74,CAZIP,00516628,implemented_unverified,implemented_unverified,baseline_inventory,XDearkArchive,FT_DEARK_LEGACY_ARCHIVE
76,archive,75,CAZIPXP,005173e8,missing,missing,baseline_inventory,,
77,archive,76,MDCD,00518018,implemented_unverified,implemented_unverified,baseline_inventory,XDearkArchive,FT_DEARK_LEGACY_ARCHIVE
78,archive,77,TAR,00457368,verified_subset,verified_subset,baseline_inventory,XTAR,FT_TAR
79,archive,78,TAR NextStep,004ba628,missing,missing,baseline_inventory,,
80,archive,79,DEB,004be7e8,verified_subset,verified_subset,baseline_inventory,XDEB,FT_DEB
81,archive,80,ALZ,004c18e8,missing,verified_subset,integrated_verified_subset,XAlzArchive,FT_ALZ
82,archive,81,HA,004bdde8,missing,missing,baseline_inventory,,
83,archive,82,IMP,004a4fc8,missing,missing,baseline_inventory,,
84,archive,83,RDC,00518788,missing,missing,baseline_inventory,,
85,archive,84,SAR,00518ad8,partial,partial,baseline_inventory,XSAR,FT_SAR
86,archive,85,ATS,00518d18,missing,missing,baseline_inventory,,
87,archive,86,NPACK,00519838,missing,missing,baseline_inventory,,
88,archive,87,IrwinPac,00519c18,missing,missing,baseline_inventory,,
89,archive,88,PAKLEO,0051a2b8,missing,missing,baseline_inventory,,
90,archive,89,DMS,0051b9a8,verified_subset,verified_subset,baseline_inventory,XAncient,FT_DMS
91,archive,90,FINEAR,0051c828,missing,missing,baseline_inventory,,
92,archive,91,LINGVOARC,0051cce8,missing,missing,baseline_inventory,,
93,archive,92,BSA,0051d228,missing,missing,baseline_inventory,,
94,archive,93,BSN,0051da58,implemented_unverified,implemented_unverified,baseline_inventory,XBSN,FT_BSN
95,archive,94,ARQ,0051ea28,implemented_unverified,implemented_unverified,baseline_inventory,XARQ,FT_ARQ
96,archive,95,CPZ,0051f168,missing,missing,baseline_inventory,,
97,archive,96,CORK,0051f918,missing,missing,baseline_inventory,,
98,archive,97,NSK,0051fea8,missing,missing,baseline_inventory,,
99,archive,98,ABP,00520378,missing,missing,baseline_inventory,,
100,archive,99,FreezeReeve,005208c8,missing,missing,baseline_inventory,,
101,archive,100,SBX,005210a8,missing,missing,baseline_inventory,,
102,archive,101,FPAK,00521658,implemented_unverified,implemented_unverified,baseline_inventory,XLegacyStoreArchive,FT_FPAK
103,archive,102,DZ,005224b8,missing,missing,baseline_inventory,,
104,archive,103,PMA,00522c68,partial,partial,baseline_inventory,XLHA,FT_LHA
105,archive,104,PMA SFX,00522ea8,partial,verified_subset,integrated_verified_subset,XLHA;XSFX,FT_LHA;FT_LHASFX
106,archive,105,SFS,005248d8,missing,missing,baseline_inventory,,
107,archive,106,AR,00527e68,verified_subset,verified_subset,baseline_inventory,X_Ar,FT_AR
108,archive,107,ARCH,005283e8,implemented_unverified,implemented_unverified,baseline_inventory,X_Ar,FT_AR
109,archive,108,RNC,005294d8,verified_subset,verified_subset,baseline_inventory,XRncArchive;XAncient,FT_RNC;FT_RNC
110,archive,109,VFS,0052a588,missing,missing,baseline_inventory,,
111,archive,110,VFS PACKZIP,0052ac78,missing,missing,baseline_inventory,,
112,archive,111,ARTI,0052b4d8,implemented_unverified,implemented_unverified,baseline_inventory,XArtiPack,FT_ARTIPACK
113,archive,112,Aldus,0052ba48,implemented_unverified,implemented_unverified,baseline_inventory,XAldus,FT_ALDUS
114,archive,113,DCL,0052c6a8,implemented_unverified,implemented_unverified,baseline_inventory,XDearkArchive,FT_DEARK_LEGACY_ARCHIVE
115,archive,114,STK,0052d0f8,implemented_unverified,implemented_unverified,baseline_inventory,XStk,FT_STK
116,archive,115,SIT,0052f6e8,partial,partial,baseline_inventory,XDearkArchive,FT_DEARK_LEGACY_ARCHIVE
117,archive,116,MXS,005302b8,missing,missing,baseline_inventory,,
118,archive,117,PIT,005307a8,implemented_unverified,implemented_unverified,baseline_inventory,XDearkArchive,FT_DEARK_LEGACY_ARCHIVE
119,archive,118,AMPK,00531bf8,implemented_unverified,implemented_unverified,baseline_inventory,XAMPK,FT_AMPK
120,archive,119,SQUISH,00532428,missing,missing,baseline_inventory,,
121,archive,120,PHILIPP,00532868,missing,missing,baseline_inventory,,
122,archive,121,MARC,00532f48,missing,missing,baseline_inventory,,
123,archive,122,SPL,005337c8,missing,missing,baseline_inventory,,
124,archive,123,ESP,00534668,missing,missing,baseline_inventory,,
125,archive,124,ASD,00535bc8,missing,missing,baseline_inventory,,
126,archive,125,DWC,00536938,missing,missing,baseline_inventory,,
127,archive,126,AR7,005371c8,missing,missing,baseline_inventory,,
128,archive,127,CrossePAC,00537758,missing,missing,baseline_inventory,,
129,archive,128,CRU,005387a8,missing,missing,baseline_inventory,,
130,archive,129,AppleSingle,00539038,implemented_unverified,implemented_unverified,baseline_inventory,XAppleSingle,FT_APPLESINGLE
131,archive,130,DaVinci,005397b8,missing,missing,baseline_inventory,,
132,archive,131,QIP1,00539bb8,missing,missing,baseline_inventory,,
133,archive,132,QIP2,0053a038,missing,missing,baseline_inventory,,
134,archive,133,TeleDisk,0053b068,missing,missing,baseline_inventory,,
135,archive,134,IMD,0053bad8,partial,partial,baseline_inventory,XLibDskArchive,FT_LIBDSK_IMAGE
136,archive,135,TERSE,0053c738,missing,missing,baseline_inventory,,
137,archive,136,IBMPACK1,0053d3b8,partial,partial,baseline_inventory,XDearkArchive,FT_DEARK_LEGACY_ARCHIVE
138,archive,137,IBMPACK2,0053d4f8,implemented_unverified,implemented_unverified,baseline_inventory,XDearkArchive,FT_DEARK_LEGACY_ARCHIVE
139,archive,138,IBMPACK3,0053d638,implemented_unverified,implemented_unverified,baseline_inventory,XDearkArchive,FT_DEARK_LEGACY_ARCHIVE
140,archive,139,SaveDskF,0053e0a8,implemented_unverified,implemented_unverified,baseline_inventory,XDearkArchive,FT_DEARK_LEGACY_ARCHIVE
141,archive,140,PUT,0053e668,missing,missing,baseline_inventory,,
142,archive,141,Raw LZW15V,0053e8a8,missing,missing,baseline_inventory,,
143,archive,142,IGF1,0053ecd8,missing,missing,baseline_inventory,,
144,archive,143,IGF2,0053ee20,missing,missing,baseline_inventory,,
145,archive,144,GLU,0053f7a8,missing,missing,baseline_inventory,,
146,archive,145,CPX,00540118,missing,missing,baseline_inventory,,
147,archive,146,CPX4,00540250,missing,missing,baseline_inventory,,
148,archive,147,LymeSFX,00540ee8,missing,missing,baseline_inventory,,
149,archive,148,UIF,0049c690,missing,missing,baseline_inventory,,
150,archive,149,ZLib,0043aaa8,implemented_unverified,implemented_unverified,baseline_inventory,XZlib,FT_ZLIB
151,archive,150,CMP,005417d8,missing,missing,baseline_inventory,,
152,archive,151,KA,00541d38,implemented_unverified,implemented_unverified,baseline_inventory,XLegacyStoreArchive,FT_KA_ARCHIVE
153,archive,152,RID,005421d8,missing,missing,baseline_inventory,,
154,archive,153,ZAP,00542918,missing,missing,baseline_inventory,,
155,archive,154,SWX,00542e18,missing,missing,baseline_inventory,,
156,archive,155,CNF,00543758,missing,missing,baseline_inventory,,
157,archive,156,TPS,00543c78,missing,missing,baseline_inventory,,
158,archive,157,JASC,005445a8,implemented_unverified,implemented_unverified,baseline_inventory,XLegacyStoreArchive,FT_JASC_ARCHIVE
159,archive,158,PSN,00544d38,missing,missing,baseline_inventory,,
160,archive,159,Torus,005451c8,missing,missing,baseline_inventory,,
161,archive,160,MVA,00545658,missing,missing,baseline_inventory,,
162,archive,161,PACK,00545c48,missing,missing,baseline_inventory,,
163,archive,162,XOR ZIP,00546148,missing,missing,baseline_inventory,,
164,archive,163,XOR ARJ,005469e8,missing,missing,baseline_inventory,,
165,archive,164,Blindfold,00546ed8,missing,missing,baseline_inventory,,
166,archive,165,GTU,00547308,missing,missing,baseline_inventory,,
167,archive,166,CHOP,00547af8,missing,missing,baseline_inventory,,
168,archive,167,OPC,00548178,missing,missing,baseline_inventory,,
169,archive,168,CPOINT,00548658,missing,missing,baseline_inventory,,
170,archive,169,CPOINT,00548b48,missing,missing,baseline_inventory,,
171,archive,170,SoftMaster,0054a938,missing,missing,baseline_inventory,,
172,archive,171,CHE,0054ac18,missing,missing,baseline_inventory,,
173,archive,172,CPFF,0054b7f8,missing,missing,baseline_inventory,,
174,archive,173,AGIS,0054bd88,implemented_unverified,implemented_unverified,baseline_inventory,XAGIS,FT_AGIS
175,archive,174,Clay,0054c3c8,missing,missing,baseline_inventory,,
176,archive,175,CVRB,0054c928,missing,missing,baseline_inventory,,
177,archive,176,FLD,0054cdc8,missing,missing,baseline_inventory,,
178,archive,177,Stork,0054d4a8,missing,missing,baseline_inventory,,
179,archive,178,Inzer,0054d9e8,missing,missing,baseline_inventory,,
180,archive,179,MIZ,0054e1b8,missing,missing,baseline_inventory,,
181,archive,180,GST,0054e728,missing,missing,baseline_inventory,,
182,archive,181,RCF,0054ef18,missing,missing,baseline_inventory,,
183,archive,182,SLS,0054f4c8,missing,missing,baseline_inventory,,
184,archive,183,SMSIPAK,0054f908,missing,missing,baseline_inventory,,
185,archive,184,ARH,0054ff58,missing,missing,baseline_inventory,,
186,archive,185,WARC,00550668,missing,missing,baseline_inventory,,
187,archive,186,ZPAK,00550cc8,missing,missing,baseline_inventory,,
188,archive,187,ULEAD,005518f8,missing,missing,baseline_inventory,,
189,archive,188,BCW,005521d8,missing,missing,baseline_inventory,,
190,archive,189,BOG,00552cd8,missing,missing,baseline_inventory,,
191,archive,190,KRML,005535f8,missing,missing,baseline_inventory,,
192,archive,191,LZWD,00553a98,missing,missing,baseline_inventory,,
193,archive,192,BVRP,00553f58,implemented_unverified,implemented_unverified,baseline_inventory,XBvrpPac,FT_BVRP_PAC
194,archive,193,Qualitas,00554598,missing,missing,baseline_inventory,,
195,archive,194,PSDC,00554c48,missing,missing,baseline_inventory,,
196,archive,195,Asymetrix,00555098,implemented_unverified,implemented_unverified,baseline_inventory,XAsymetrix,FT_ASYMETRIX
197,archive,196,LIF,005557c8,implemented_unverified,implemented_unverified,baseline_inventory,XLegacyStoreArchive,FT_LIF_COMPRESSED
198,archive,197,SER,00555d18,missing,missing,baseline_inventory,,
199,archive,198,DSL 1,005561a8,missing,missing,baseline_inventory,,
200,archive,199,DMA,005567d8,missing,missing,baseline_inventory,,
201,archive,200,SCF,00556c78,implemented_unverified,implemented_unverified,baseline_inventory,XLegacyStoreArchive,FT_SCF
202,archive,201,Softronics,00557218,missing,missing,baseline_inventory,,
203,archive,202,EDC,00557768,missing,missing,baseline_inventory,,
204,archive,203,EA,00557bc8,missing,missing,baseline_inventory,,
205,archive,204,TRC,00558208,missing,missing,baseline_inventory,,
206,archive,205,LZDIET,005587c8,missing,missing,baseline_inventory,,
207,archive,206,LTA,00558da8,missing,missing,baseline_inventory,,
208,archive,207,LIF KD,00559998,implemented_unverified,implemented_unverified,baseline_inventory,XDearkArchive,FT_DEARK_LEGACY_ARCHIVE
209,archive,208,JETBBS,0055a318,missing,missing,baseline_inventory,,
210,archive,209,POVLAB,0055a558,missing,missing,baseline_inventory,,
211,archive,210,Wintersoft,0055aeb8,missing,missing,baseline_inventory,,
212,archive,211,LHV,0055b3a8,missing,missing,baseline_inventory,,
213,archive,212,Ruta,0055b978,missing,missing,baseline_inventory,,
214,archive,213,FIZ,0055bec8,missing,missing,baseline_inventory,,
215,archive,214,RC TAR,0055c5a8,missing,missing,baseline_inventory,,
216,archive,215,TGCF,00749af8,missing,missing,baseline_inventory,,
217,archive,216,CSC,0055cdc8,missing,missing,baseline_inventory,,
218,archive,217,MCC,0055d5a8,missing,missing,baseline_inventory,,
219,archive,218,BIGF,0055def8,implemented_unverified,implemented_unverified,baseline_inventory,XBIGF,FT_BIGF
220,archive,219,GkSetup,0055e478,missing,missing,baseline_inventory,,
221,archive,220,TXX,0055ec98,missing,missing,baseline_inventory,,
222,archive,221,GOB,0055f2b8,missing,missing,baseline_inventory,,
223,archive,222,GOB2,0055f7f8,missing,missing,baseline_inventory,,
224,archive,223,Mwave,004c5c38,missing,missing,baseline_inventory,,
225,archive,224,MRNZ,0055fc78,implemented_unverified,implemented_unverified,baseline_inventory,XDearkArchive,FT_DEARK_LEGACY_ARCHIVE
226,archive,225,SICOS,005603b8,missing,missing,baseline_inventory,,
227,archive,226,PS30,00560968,missing,missing,baseline_inventory,,
228,archive,227,CreateInstall,00560cb8,missing,missing,baseline_inventory,,
229,archive,228,FP01,005616d8,missing,missing,baseline_inventory,,
230,archive,229,SCAF,00561c08,missing,missing,baseline_inventory,,
231,archive,230,IBMZPAK,005628f8,missing,missing,baseline_inventory,,
232,archive,231,PACKIT,00562e58,missing,missing,baseline_inventory,,
233,archive,232,ZIE,005634e8,missing,missing,baseline_inventory,,
234,archive,233,BLZ,00563db8,missing,missing,baseline_inventory,,
235,archive,234,LZ95,005682b8,missing,missing,baseline_inventory,,
236,archive,235,ZZ,00568ac8,missing,missing,baseline_inventory,,
237,archive,236,Diet,00569308,missing,missing,baseline_inventory,,
238,archive,237,Borland,00569908,implemented_unverified,implemented_unverified,baseline_inventory,XBorlandPack,FT_BORLAND_PACK
239,archive,238,XIE,0056a198,missing,missing,baseline_inventory,,
240,archive,239,SBIS,0056a778,missing,missing,baseline_inventory,,
241,archive,240,SQZE,0056b498,missing,missing,baseline_inventory,,
242,archive,241,RED,0056bcc8,implemented_unverified,implemented_unverified,baseline_inventory,XDearkArchive,FT_DEARK_LEGACY_ARCHIVE
243,archive,242,DN,0056c888,implemented_unverified,implemented_unverified,baseline_inventory,XLegacyStoreArchive,FT_DN_ARCHIVE
244,archive,243,GPFPACK,0056d318,implemented_unverified,implemented_unverified,baseline_inventory,XLegacyStoreArchive,FT_GPFPACK
245,archive,244,ZTC,0056d738,missing,missing,baseline_inventory,,
246,archive,245,LZ94,0056e0b8,missing,missing,baseline_inventory,,
247,archive,246,WPK,0056ff38,missing,missing,baseline_inventory,,
248,archive,247,HZL,00570848,missing,missing,baseline_inventory,,
249,archive,248,WRZL,00571058,missing,missing,baseline_inventory,,
250,archive,249,PACK 2,00571b78,partial,partial,baseline_inventory,XAncient,FT_UNIX_PACK
251,archive,250,LZB,00572288,missing,missing,baseline_inventory,,
252,archive,251,ClanSoft,00572aa8,missing,missing,baseline_inventory,,
253,archive,252,TB,005732f8,missing,missing,baseline_inventory,,
254,archive,253,CHZ,00574ce8,missing,missing,baseline_inventory,,
255,archive,254,KBOOM11,00575be8,missing,missing,baseline_inventory,,
256,archive,255,AIN,00575fa8,missing,missing,baseline_inventory,,
257,archive,256,ISZ,0049c410,missing,missing,baseline_inventory,,
258,archive,257,DAA,0049c550,missing,missing,baseline_inventory,,
259,archive,258,NRG,0049f308,missing,missing,baseline_inventory,,
260,archive,259,ARCV4,00577298,implemented_unverified,implemented_unverified,baseline_inventory,XARCV4,FT_ARCV4
261,archive,260,LZOP,005779e8,implemented_unverified,implemented_unverified,baseline_inventory,XLzo,FT_LZO
262,archive,261,FXC,004d81a8,missing,missing,baseline_inventory,,
263,archive,262,HKI,005787a8,missing,missing,baseline_inventory,,
264,archive,263,PPMd,0057e8a8,missing,missing,baseline_inventory,,
265,archive,264,BioArc,0057ee48,missing,missing,baseline_inventory,,
266,archive,265,BGA,0057f638,missing,missing,baseline_inventory,,
267,archive,266,NOA,00580b28,missing,missing,baseline_inventory,,
268,archive,267,PeaZip,00581738,partial,partial,baseline_inventory,XPEA,FT_PEA
269,archive,268,FreeArc,00595f98,partial,verified_subset,direct_u3_observed_port_2026_09_05,XFREEARC; XFreeArcNative; XFreeArcDecoder,FT_FREEARC
270,archive,269,XAR,00598558,implemented_unverified,implemented_unverified,baseline_inventory,XXAR,FT_XAR
271,archive,270,WIM,00599838,partial,partial,baseline_inventory,XWIM,FT_WIM
272,archive,271,Ascend,0059c5a8,implemented_unverified,implemented_unverified,baseline_inventory,XAscend,FT_ASCEND
273,archive,272,Ascend TUTBCK.000,0059cb48,implemented_unverified,implemented_unverified,baseline_inventory,XAscendBackup,FT_ASCEND_BACKUP
274,archive,273,ChiefLZ Single,0059d8f8,missing,missing,baseline_inventory,,
275,archive,274,ChiefLZ Single 2,0059da50,missing,missing,baseline_inventory,,
276,archive,275,ChiefLZ Multiple,0059e278,missing,missing,baseline_inventory,,
277,archive,276,ChiefLZ Multiple 2,0059eab8,missing,missing,baseline_inventory,,
278,archive,277,SSM,0059f8a8,partial,partial,baseline_inventory,XLegacyStoreArchive / XSSMDecoder,FT_SSM_MODULE
279,archive,278,XSA,005a0428,missing,missing,baseline_inventory,,
280,archive,279,OSL2000,005a0848,missing,missing,baseline_inventory,,
281,archive,280,RTS,0049c7d0,missing,missing,baseline_inventory,,
282,archive,281,RDrive,0049c910,missing,missing,baseline_inventory,,
283,archive,282,RiverSoft,005a0f48,missing,missing,baseline_inventory,,
284,archive,283,MSX AR,005a1e78,missing,missing,baseline_inventory,,
285,archive,284,MSX NOP,005a29d8,missing,missing,baseline_inventory,,
286,archive,285,NPK,005a3388,missing,missing,baseline_inventory,,
287,archive,286,COM Pack,005a3a58,missing,missing,baseline_inventory,,
288,archive,287,OCE,005a3f08,missing,missing,baseline_inventory,,
289,archive,288,ZPP,005a5d58,missing,missing,baseline_inventory,,
290,archive,289,ZPP VFS,005a6488,missing,missing,baseline_inventory,,
291,archive,290,LPAK,005a6a78,implemented_unverified,implemented_unverified,baseline_inventory,XLegacyStoreArchive,FT_LPAK
292,archive,291,Sony,005a6e68,missing,missing,baseline_inventory,,
293,archive,292,Sony Image,005a7998,missing,missing,baseline_inventory,,
294,archive,293,EID,005a9f28,missing,missing,baseline_inventory,,
295,archive,294,OOP,005ab738,missing,missing,baseline_inventory,,
296,archive,295,SKY,005abf58,missing,missing,baseline_inventory,,
297,archive,296,SAF,005ac1d8,missing,missing,baseline_inventory,,
298,archive,297,Disk eXPress,005ac8b8,partial,partial,baseline_inventory,XDskExp / XDearkArchive,FT_DSKEXP;FT_DEARK_LEGACY_ARCHIVE
299,archive,298,LZMA,005ad2b8,verified_subset,verified_subset,baseline_inventory,XLZMA,FT_LZMA;FT_TAR_LZMA
300,archive,299,Logitech,005ad958,missing,missing,baseline_inventory,,
301,archive,300,DPC,005adfe8,missing,missing,baseline_inventory,,
302,archive,301,SCL,005af4d8,missing,missing,baseline_inventory,,
303,archive,302,ZXZIP,005b3a28,missing,missing,baseline_inventory,,
304,archive,303,LIM,005b4e28,missing,missing,baseline_inventory,,
305,archive,304,SPK,005b5678,missing,missing,baseline_inventory,,
306,archive,305,ArcFS,005b6668,missing,missing,baseline_inventory,,
307,archive,306,CPT,005b7508,missing,missing,baseline_inventory,,
308,archive,307,IXA,005b7e68,missing,missing,baseline_inventory,,
309,archive,308,VSG,005b9178,missing,missing,baseline_inventory,,
310,archive,309,Compact Pro,005ba258,implemented_unverified,implemented_unverified,baseline_inventory,XCompactProArchive,FT_COMPACT_PRO
311,archive,310,GAS,005bba28,missing,missing,baseline_inventory,,
312,archive,311,DynHuff,005bdf68,missing,missing,baseline_inventory,,
313,archive,312,MegaStore,005be318,missing,missing,baseline_inventory,,
314,archive,313,ZComp,005bea18,missing,missing,baseline_inventory,,
315,archive,314,PmCompr,005bf258,missing,missing,baseline_inventory,,
316,archive,315,SLIM,005bfda8,missing,missing,baseline_inventory,,
317,archive,316,ROMFS,005c0248,missing,missing,baseline_inventory,,
318,archive,317,CRAMFS,005c0a38,missing,missing,baseline_inventory,,
319,archive,318,CFD,005c1948,missing,missing,baseline_inventory,,
320,archive,319,CIB,0049ca58,missing,missing,baseline_inventory,,
321,archive,320,TIB,005c21f8,missing,missing,baseline_inventory,,
322,archive,321,CWJC,005c4b68,missing,missing,baseline_inventory,,
323,archive,322,XLAS,005c5148,missing,missing,baseline_inventory,,
324,archive,323,SWPACK,005c5b08,missing,missing,baseline_inventory,,
325,archive,324,Sygic Drive,005c5f98,missing,missing,baseline_inventory,,
326,archive,325,CHM,0064b128,missing,verified_subset,integrated_verified_subset,XChmArchive;XLZXDecoder,FT_CHM
327,archive,326,PSA,0049cb98,missing,missing,baseline_inventory,,
328,archive,327,CSIDOS,005c64c8,missing,missing,baseline_inventory,,
329,archive,328,HCDOS,005c6f18,missing,missing,baseline_inventory,,
330,archive,329,BK ELS,005c7468,missing,missing,baseline_inventory,,
331,archive,330,RT LZS,005c7808,missing,missing,baseline_inventory,,
332,archive,331,IceWAD,005c7ff8,missing,missing,baseline_inventory,,
333,archive,332,Gri,005c89d8,missing,missing,baseline_inventory,,
334,archive,333,Xakep,005c9038,missing,missing,baseline_inventory,,
335,archive,334,CopyQM,005c95e8,missing,missing,baseline_inventory,,
336,archive,335,CP/M,005c9b28,missing,missing,baseline_inventory,,
337,archive,336,PK3,005cada8,missing,missing,baseline_inventory,,
338,archive,337,XARC,005cb378,missing,missing,baseline_inventory,,
339,archive,338,GXL,005cb948,implemented_unverified,implemented_unverified,baseline_inventory,XDearkArchive (gxlib),FT_DEARK_LEGACY_ARCHIVE
340,archive,339,SwordSearcher,005cbf18,missing,missing,baseline_inventory,,
341,archive,340,HLB,005cc658,missing,missing,baseline_inventory,,
342,archive,341,VGFX,005ccc28,missing,missing,baseline_inventory,,
343,archive,342,LEAD,005cda28,missing,missing,baseline_inventory,,
344,archive,343,MYP,005ce698,missing,missing,baseline_inventory,,
345,archive,344,Blink,005cf228,missing,missing,baseline_inventory,,
346,archive,345,Belon,005cfb18,missing,missing,baseline_inventory,,
347,archive,346,ARX,005d0278,partial,partial,baseline_inventory,XARX,FT_ARX
348,archive,347,STAC,005d0988,missing,missing,baseline_inventory,,
349,archive,348,JRC,005d11f8,missing,missing,baseline_inventory,,
350,archive,349,KTY,005d2128,missing,missing,baseline_inventory,,
351,archive,350,FLH,005d28d8,missing,missing,baseline_inventory,,
352,archive,351,EXP,005d2d48,missing,missing,baseline_inventory,,
353,archive,352,ELI 5750,005d3358,missing,missing,baseline_inventory,,
354,archive,353,DitPack,005d4368,missing,missing,baseline_inventory,,
355,archive,354,DP,005d4778,missing,missing,baseline_inventory,,
356,archive,355,XARC X,005d4fd8,missing,missing,baseline_inventory,,
357,archive,356,LZPIS2,005d5ef8,missing,missing,baseline_inventory,,
358,archive,357,WinLink,005d6418,missing,missing,baseline_inventory,,
359,archive,358,UUE,005d6cf8,partial,verified_subset,direct_u3_observed_port_2026_09_05,XUU,FT_UU
360,archive,359,CARMAN,005d74d8,missing,missing,baseline_inventory,,
361,archive,360,CADC,005d7c98,missing,missing,baseline_inventory,,
362,archive,361,NIM,005d7ea8,missing,missing,baseline_inventory,,
363,archive,362,TrioVFS 1,005d8598,missing,missing,baseline_inventory,,
364,archive,363,TrioVFS 2,005d8c38,missing,missing,baseline_inventory,,
365,archive,364,Foxit Reader,005da058,missing,missing,baseline_inventory,,
366,archive,365,Secura Archiver,005daed8,missing,missing,baseline_inventory,,
367,archive,366,BCArchive,005dba48,missing,missing,baseline_inventory,,
368,archive,367,WinPRS,005dc7c8,missing,missing,baseline_inventory,,
369,archive,368,PAiN,005dd6b8,missing,missing,baseline_inventory,,
370,archive,369,Sinner,005ddcd8,missing,missing,baseline_inventory,,
371,archive,370,TSM,005de318,missing,missing,baseline_inventory,,
372,archive,371,SQZ,005dff98,implemented_unverified,implemented_unverified,baseline_inventory,XSQZ / XSQZDecoder,FT_SQZ
373,archive,372,JCALG1,005e0b18,missing,missing,baseline_inventory,,
374,archive,373,SR3,005e1a78,missing,missing,baseline_inventory,,
375,archive,374,FastPack,005e1ee8,missing,missing,baseline_inventory,,
376,archive,375,LZHCXP,005e27c8,missing,missing,baseline_inventory,,
377,archive,376,LZSSCOMP,005e2ba8,missing,missing,baseline_inventory,,
378,archive,377,SRANK,005e3a68,missing,missing,baseline_inventory,,
379,archive,378,PowerArc,005e4398,missing,missing,baseline_inventory,,
380,archive,379,oPAQue,005e5468,missing,missing,baseline_inventory,,
381,archive,380,PPD,005e6518,missing,missing,baseline_inventory,,
382,archive,381,HAP,005e8878,missing,missing,baseline_inventory,,
383,archive,382,WWPACK,005e9518,missing,missing,baseline_inventory,,
384,archive,383,CWC,005e9f88,missing,missing,baseline_inventory,,
385,archive,384,LHARC SFX,005ea378,implemented_unverified,implemented_unverified,baseline_inventory,XLhaSFX / XLHA,FT_LHASFX
386,archive,385,Guardant,005ea668,missing,missing,baseline_inventory,,
387,archive,386,CAR,005eb428,missing,missing,baseline_inventory,,
388,archive,387,SAPCAR,005ebd58,missing,missing,baseline_inventory,,
389,archive,388,SW,005eda78,missing,missing,baseline_inventory,,
390,archive,389,QDA,005eee18,missing,missing,baseline_inventory,,
391,archive,390,RZIP,005ef2b8,missing,verified_subset,integrated_verified_subset,XRzipArchive;XU3RzipDecoder,FT_RZIP
392,archive,391,ZZZ,005efeb8,missing,missing,baseline_inventory,,
393,archive,392,TWS,005f0328,missing,missing,baseline_inventory,,
394,archive,393,RSC,005f0858,implemented_unverified,implemented_unverified,baseline_inventory,XLegacyStoreArchive,FT_LEGACY_RSC
395,archive,394,PerFORM,005f0d28,missing,missing,baseline_inventory,,
396,archive,395,VU-ZIP,005f11e8,missing,missing,baseline_inventory,,
397,archive,396,ZIX 1,005f20a8,missing,missing,baseline_inventory,,
398,archive,397,ZIX 2,005f3208,missing,missing,baseline_inventory,,
399,archive,398,TMFP,005f3818,missing,missing,baseline_inventory,,
400,archive,399,JZIP,005f53d8,missing,missing,baseline_inventory,,
401,archive,400,ShInBo,005f7278,missing,missing,baseline_inventory,,
402,archive,401,NNTC,005f88e8,missing,missing,baseline_inventory,,
403,archive,402,QAR,005f9818,missing,missing,baseline_inventory,,
404,archive,403,Quartus II,005fa338,missing,missing,baseline_inventory,,
405,archive,404,LSPack 10,005fb008,missing,missing,baseline_inventory,,
406,archive,405,LSPack 50,005fbb38,missing,missing,baseline_inventory,,
407,archive,406,BKP,005fc3a8,missing,missing,baseline_inventory,,
408,archive,407,PCK,005fd238,missing,missing,baseline_inventory,,
409,archive,408,CAF,005fdcf8,missing,missing,baseline_inventory,,
410,archive,409,SEC,005ffb08,missing,missing,baseline_inventory,,
411,archive,410,ICEOWS,00600628,missing,missing,baseline_inventory,,
412,archive,411,Beat The House,00601068,implemented_unverified,implemented_unverified,baseline_inventory,XBTHPAK / XBTHPAKDecoder,FT_BTH_PAK
413,archive,412,DPA,00601878,missing,missing,baseline_inventory,,
414,archive,413,HOG2,00601d68,missing,verified_subset,integrated_verified_subset,XHOG2;XGameStoreArchiveBase,FT_DESCENT_HOG2
415,archive,414,HOG,006021c8,implemented_unverified,implemented_unverified,baseline_inventory,XHOG / XGameStoreArchiveBase,FT_DESCENT_HOG
416,archive,415,FarStone,0049ccd8,missing,missing,baseline_inventory,,
417,archive,416,7-ZIP,0050f0a8,partial,verified_subset,direct_u3_observed_port_2026_09_05,XSevenZip,FT_7Z
418,archive,417,DJFONT,00602618,missing,missing,baseline_inventory,,
419,archive,418,Stylus,00602b08,missing,missing,baseline_inventory,,
420,archive,419,ZD Zpak,00603038,missing,missing,baseline_inventory,,
421,archive,420,FCU,006034c8,missing,missing,baseline_inventory,,
422,archive,421,FCU SFX,00603b88,missing,missing,baseline_inventory,,
423,archive,422,ARC20,00604cc8,missing,missing,baseline_inventory,,
424,archive,423,TR-DOS,00497068,missing,missing,baseline_inventory,,
425,archive,424,BK Cruncher,00605668,missing,missing,baseline_inventory,,
426,archive,425,DFC,00605cd8,missing,missing,baseline_inventory,,
427,archive,426,XZ,00523c48,verified_subset,verified_subset,baseline_inventory,XXZ / XTAR_XZ,FT_XZ;FT_TAR_XZ
428,archive,427,NID,00606b08,missing,missing,baseline_inventory,,
429,archive,428,Dumpres,006072e8,missing,missing,baseline_inventory,,
430,archive,429,BeOS package,00549678,missing,missing,baseline_inventory,,
431,archive,430,ZBEOS,006079c8,missing,missing,baseline_inventory,,
432,archive,431,LOFI,0049ce20,missing,missing,baseline_inventory,,
433,archive,432,Solaris Package,00607bf8,missing,missing,baseline_inventory,,
434,archive,433,Solaris Package Zip,00607ec8,missing,missing,baseline_inventory,,
435,archive,434,Solaris CPIO,00608528,missing,missing,baseline_inventory,,
436,archive,435,PAX,006093a8,implemented_unverified,implemented_unverified,baseline_inventory,XLegacyStoreArchive,FT_PAX
437,archive,436,Zcmp,00609be8,missing,missing,baseline_inventory,,
438,archive,437,NextStep DiskImage,0049cf60,missing,missing,baseline_inventory,,
439,archive,438,ChipPC,0060a068,missing,missing,baseline_inventory,,
440,archive,439,Xcalibur,0060a768,missing,missing,baseline_inventory,,
441,archive,440,XCP,0060ac98,missing,missing,baseline_inventory,,
442,archive,441,LPLN,0060b1c8,missing,missing,baseline_inventory,,
443,archive,442,SUFM,0060b608,missing,missing,baseline_inventory,,
444,archive,443,Raw STAC,0060bab8,missing,missing,baseline_inventory,,
445,archive,444,ZISOFS,0060bee8,missing,missing,baseline_inventory,,
446,archive,445,LZV1,0060c868,missing,missing,baseline_inventory,,
447,archive,446,KPCK,0060cc48,missing,missing,baseline_inventory,,
448,archive,447,TARX 1,0060d7f8,missing,missing,baseline_inventory,,
449,archive,448,TARX 2,0060dcf8,missing,missing,baseline_inventory,,
450,archive,449,FInstall,0060e2c8,implemented_unverified,implemented_unverified,baseline_inventory,XLegacyStoreArchive,FT_FINSTALL_ARCHIVE
451,archive,450,EPF,0060ea28,implemented_unverified,implemented_unverified,baseline_inventory,XLegacyStoreArchive,FT_EPFS_ARCHIVE
452,archive,451,CAT,0060eed8,implemented_unverified,implemented_unverified,baseline_inventory,XLegacyStoreArchive,FT_LEGACY_CAT
453,archive,452,Teacy,0060f3c8,missing,missing,baseline_inventory,,
454,archive,453,CGJP,0060fb98,missing,missing,baseline_inventory,,
455,archive,454,GSETUP,006102a8,missing,missing,baseline_inventory,,
456,archive,455,BND,00611188,missing,missing,baseline_inventory,,
457,archive,456,WarpIn,00611688,missing,missing,baseline_inventory,,
458,archive,457,DFSee,00612038,missing,missing,baseline_inventory,,
459,archive,458,QNX Base,00612c18,missing,missing,baseline_inventory,,
460,archive,459,CDI,0049d0c0,missing,missing,baseline_inventory,,
461,archive,460,VaporCD,0049d200,missing,missing,baseline_inventory,,
462,archive,461,UDI,0049d348,missing,missing,baseline_inventory,,
463,archive,462,Shrink-Wrap,0049d488,partial,partial,baseline_inventory,XLegacyStoreArchive,FT_SHRINKWRAP_IMAGE
464,archive,463,PM Diskcopy,0049d5d8,missing,missing,baseline_inventory,,
465,archive,464,Raw ADC,006133f8,missing,missing,baseline_inventory,,
466,archive,465,Apricot,006137a8,missing,missing,baseline_inventory,,
467,archive,466,Apple 8900,00613cc8,missing,missing,baseline_inventory,,
468,archive,467,Apple COMPLZSS,006141e8,missing,missing,baseline_inventory,,
469,archive,468,PACK 1,00614988,verified_subset,verified_subset,baseline_inventory,XAncient (UnixPackDecoder),FT_UNIX_PACK
470,archive,469,AR PDP-11,00614eb8,implemented_unverified,implemented_unverified,baseline_inventory,XArPdp11,FT_AR_PDP11
471,archive,470,Apple Img3,006153d8,missing,missing,baseline_inventory,,
472,archive,471,File Vault,00616ba8,missing,missing,baseline_inventory,,
473,archive,472,Binary II,00617708,implemented_unverified,implemented_unverified,baseline_inventory,XBinaryII,FT_BINARY2
474,archive,473,Squash,00617c28,missing,missing,baseline_inventory,,
475,archive,474,TES4,006183f8,missing,missing,baseline_inventory,,
476,archive,475,Oracle Squeeze,00618c78,missing,missing,baseline_inventory,,
477,archive,476,RDFZ,006191f8,missing,missing,baseline_inventory,,
478,archive,477,IzPack,0061a688,missing,missing,baseline_inventory,,
479,archive,478,FBF,0061b488,missing,missing,baseline_inventory,,
480,archive,479,PBF,0061bb38,missing,missing,baseline_inventory,,
481,archive,480,TBI,0049d728,missing,missing,baseline_inventory,,
482,archive,481,DCompress,0061c1f8,missing,missing,baseline_inventory,,
483,archive,482,HIP,0061cea8,missing,missing,baseline_inventory,,
484,archive,483,ClickHelp,0061d408,missing,missing,baseline_inventory,,
485,archive,484,NLR,0061da88,missing,missing,baseline_inventory,,
486,archive,485,CRX,0061e088,missing,missing,baseline_inventory,,
487,archive,486,Titan Quest,0061e3a8,missing,missing,baseline_inventory,,
488,archive,487,JGPAK,0061e9d8,missing,missing,baseline_inventory,,
489,archive,488,Exceed,0061efc8,missing,missing,baseline_inventory,,
490,archive,489,BFF,0061f598,implemented_unverified,implemented_unverified,baseline_inventory,XAIXBFF,FT_AIX_BFF
491,archive,490,DiskDupe 1,0049d868,missing,missing,baseline_inventory,,
492,archive,491,DiskDupe 2,0049d9b0,missing,missing,baseline_inventory,,
493,archive,492,DISKH,0049daf8,missing,missing,baseline_inventory,,
494,archive,493,CISCOPY,0062c478,missing,missing,baseline_inventory,,
495,archive,494,COPYDISK,0049e008,missing,missing,baseline_inventory,,
496,archive,495,SABDU,0049e150,partial,partial,baseline_inventory,XLegacyStoreArchive,FT_SABDU_IMAGE
497,archive,496,HP_PSG_STAR,0049e3d8,missing,missing,baseline_inventory,,
498,archive,497,Master Of Magic,0061fd38,missing,missing,baseline_inventory,,
499,archive,498,Process Commander,00620438,missing,missing,baseline_inventory,,
500,archive,499,PDM,006209c8,missing,missing,baseline_inventory,,
501,archive,500,SGZ,00620f38,missing,missing,baseline_inventory,,
502,archive,501,SGZIP,00621918,missing,missing,baseline_inventory,,
503,archive,502,MZIP,00621ce8,missing,missing,baseline_inventory,,
504,archive,503,EVF,00621fc8,missing,missing,baseline_inventory,,
505,archive,504,DJCOMP,00622888,missing,missing,baseline_inventory,,
506,archive,505,ADT,00622c98,missing,missing,baseline_inventory,,
507,archive,506,EET,00623178,missing,missing,baseline_inventory,,
508,archive,507,JBF,006238d8,missing,missing,baseline_inventory,,
509,archive,508,RES,00623e78,implemented_unverified,implemented_unverified,baseline_inventory,XLegacyStoreArchive,FT_LEGACY_RES
510,archive,509,MPQ,00626298,partial,partial,baseline_inventory,XMPQ,FT_MPQ
511,archive,510,MPQ Partial,00627ae8,missing,missing,baseline_inventory,,
512,archive,511,SFPack,00628dd8,missing,missing,baseline_inventory,,
513,archive,512,sfArk,0062b6b8,missing,missing,baseline_inventory,,
514,archive,513,TRX,0062bf78,missing,missing,baseline_inventory,,
515,archive,514,Cisco SBIN,0062c918,missing,missing,baseline_inventory,,
516,archive,515,Cisco CNU 3,0062cdf8,missing,missing,baseline_inventory,,
517,archive,516,Cisco CNU,0062d438,missing,missing,baseline_inventory,,
518,archive,517,Cisco PKG,0062db68,missing,missing,baseline_inventory,,
519,archive,518,Cisco ZZ,0062e0b8,missing,missing,baseline_inventory,,
520,archive,519,IVT,0062e508,missing,missing,baseline_inventory,,
521,archive,520,Wizard Front End,0062f2e8,missing,missing,baseline_inventory,,
522,archive,521,Surfulater,006382a8,missing,missing,baseline_inventory,,
523,archive,522,Interface Data 1,006391e8,missing,missing,baseline_inventory,,
524,archive,523,Interface Data 2,00639d08,missing,missing,baseline_inventory,,
525,archive,524,ACSP,0063a2b8,missing,missing,baseline_inventory,,
526,archive,525,Sea Data,0063a6f8,missing,missing,baseline_inventory,,
527,archive,526,NVP,0063ac48,missing,missing,baseline_inventory,,
528,archive,527,PX,0063b318,missing,missing,baseline_inventory,,
529,archive,528,NYF,0063bfd8,missing,missing,baseline_inventory,,
530,archive,529,GRASP,0063d198,implemented_unverified,implemented_unverified,baseline_inventory,XDearkArchive (graspgl),FT_DEARK_LEGACY_ARCHIVE
531,archive,530,Megatech VOL,0063d728,missing,missing,baseline_inventory,,
532,archive,531,NormaCS IMG,0063fc68,missing,missing,baseline_inventory,,
533,archive,532,NormaCS ZPH,006400c8,missing,missing,baseline_inventory,,
534,archive,533,Garant Update,006409a8,missing,missing,baseline_inventory,,
535,archive,534,SKF,00641248,missing,missing,baseline_inventory,,
536,archive,535,Genius Library,00642258,missing,missing,baseline_inventory,,
537,archive,536,GIBDD,00642898,missing,missing,baseline_inventory,,
538,archive,537,HK Streams,00643108,missing,missing,baseline_inventory,,
539,archive,538,MDI,0064b9d8,missing,missing,baseline_inventory,,
540,archive,539,PFPK,0064c678,missing,missing,baseline_inventory,,
541,archive,540,ZXML,0064d6b8,missing,missing,baseline_inventory,,
542,archive,541,TSCRUNCH,0064dcf8,missing,missing,baseline_inventory,,
543,archive,542,ROMPAQ,0064e1d8,missing,missing,baseline_inventory,,
544,archive,543,QRST,0064e918,partial,partial,baseline_inventory,XLibDskArchive,FT_LIBDSK_IMAGE
545,archive,544,Compaq MSGDATA,0064f648,missing,missing,baseline_inventory,,
546,archive,545,SoftPaq 1,0064fda8,implemented_unverified,implemented_unverified,baseline_inventory,XLegacyStoreArchive,FT_SOFTPAQ1_SFX
547,archive,546,SoftPaq 2,00650548,missing,missing,baseline_inventory,,
548,archive,547,Compaq LZH,00651188,implemented_unverified,implemented_unverified,baseline_inventory,XLegacyStoreArchive,FT_COMPAQ_LZH
549,archive,548,GhostInstaller,006515b8,missing,missing,baseline_inventory,,
550,archive,549,JM93,00651a28,missing,missing,baseline_inventory,,
551,archive,550,Altiris,00652048,missing,missing,baseline_inventory,,
552,archive,551,Makeself,00653598,missing,missing,baseline_inventory,,
553,archive,552,SWAG,00653a88,missing,missing,baseline_inventory,,
554,archive,553,SWAGOLX,00654558,missing,missing,baseline_inventory,,
555,archive,554,APD,00655348,missing,missing,baseline_inventory,,
556,archive,555,CLP,00656bf8,missing,missing,baseline_inventory,,
557,archive,556,PHAR,00657508,missing,missing,baseline_inventory,,
558,archive,557,SHAR,006584f8,verified_subset,verified_subset,baseline_inventory,XSHAR,FT_SHAR
559,archive,558,CSD,0065ae88,missing,missing,baseline_inventory,,
560,archive,559,ReadImg,0065b378,missing,missing,baseline_inventory,,
561,archive,560,PCOMOS2,0065bcc8,missing,missing,baseline_inventory,,
562,archive,561,Gamos,0065c6f8,missing,missing,baseline_inventory,,
563,archive,562,WaterGate,0065cbe8,missing,missing,baseline_inventory,,
564,archive,563,PBO,0065d278,missing,verified_subset,integrated_verified_subset,XPboArchive,FT_BOHEMIA_PBO
565,archive,564,SMP,0065dc18,missing,missing,baseline_inventory,,
566,archive,565,Birdies,0065e158,missing,missing,baseline_inventory,,
567,archive,566,ANSYS,0065e5e8,missing,missing,baseline_inventory,,
568,archive,567,RBF,0065f228,missing,missing,baseline_inventory,,
569,archive,568,PMOC,0065fc98,missing,missing,baseline_inventory,,
570,archive,569,IBM S,00660b78,missing,missing,baseline_inventory,,
571,archive,570,FLS,00660f38,implemented_unverified,implemented_unverified,baseline_inventory,XFLS,FT_FLS
572,archive,571,VMARC,00662058,missing,missing,baseline_inventory,,
573,archive,572,FTCOMP,00666c78,implemented_unverified,implemented_unverified,baseline_inventory,XLegacyStoreArchive,FT_FTCOMP
574,archive,573,DARCH,00667f38,missing,missing,baseline_inventory,,
575,archive,574,Tivoli,00668cd8,missing,missing,baseline_inventory,,
576,archive,575,LBR COBOL,0066a7c8,missing,missing,baseline_inventory,,
577,archive,576,MagiMagi,0066af98,missing,missing,baseline_inventory,,
578,archive,577,MZP,0066bb18,missing,missing,baseline_inventory,,
579,archive,578,AIMS,0066d208,missing,missing,baseline_inventory,,
580,archive,579,PKR,0066d9a8,missing,missing,baseline_inventory,,
581,archive,580,LZIP,0066e0f8,verified_subset,verified_subset,baseline_inventory,XLzip,FT_LZIP
582,archive,581,VMS SaveSet,0066e658,missing,missing,baseline_inventory,,
583,archive,582,VMS DCX,0066faa8,missing,missing,baseline_inventory,,
584,archive,583,VMS PCSI,006700e8,missing,missing,baseline_inventory,,
585,archive,584,VMS DataBase,006705f8,missing,missing,baseline_inventory,,
586,archive,585,VMS Tape,00670f88,missing,missing,baseline_inventory,,
587,archive,586,EMT,00671658,partial,partial,baseline_inventory,XLegacyStoreArchive,FT_EMT_IMAGE
588,archive,587,INSA,00671ba8,implemented_unverified,implemented_unverified,baseline_inventory,XLegacyStoreArchive,FT_INSA
589,archive,588,FDI,006728c8,missing,missing,baseline_inventory,,
590,archive,589,SPN,00672cb8,missing,missing,baseline_inventory,,
591,archive,590,BWCF,00673b18,missing,missing,baseline_inventory,,
592,archive,591,BAGF,00674228,missing,missing,baseline_inventory,,
593,archive,592,Zoom,00675138,missing,missing,baseline_inventory,,
594,archive,593,LhPak,00675ce8,missing,missing,baseline_inventory,,
595,archive,594,IS5,006765a8,implemented_unverified,implemented_unverified,baseline_inventory,XISCab,FT_ISCAB
596,archive,595,EYB,00677ce8,missing,missing,baseline_inventory,,
597,archive,596,SQLite NormaCS,0067a5e8,missing,missing,baseline_inventory,,
598,archive,597,SQLite,00679b68,verified_subset,verified_subset,baseline_inventory,XSQLiteArchive,FT_SQLITE
599,archive,598,CFL,0067a888,missing,missing,baseline_inventory,,
600,archive,599,DPK,0067b0e8,missing,missing,baseline_inventory,,
601,archive,600,MDT,0067b6d8,missing,missing,baseline_inventory,,
602,archive,601,HV PackFile,0067bc98,missing,missing,baseline_inventory,,
603,archive,602,MaxMix,0067c5e8,missing,missing,baseline_inventory,,
604,archive,603,PAM PAK,0067ccc0,missing,missing,baseline_inventory,,
605,archive,604,TRCPAK,0067d568,missing,missing,baseline_inventory,,
606,archive,605,Zeon,0067d9b8,missing,missing,baseline_inventory,,
607,archive,606,Audials,0067dfe8,missing,missing,baseline_inventory,,
608,archive,607,PIRS,0067ef38,missing,missing,baseline_inventory,,
609,archive,608,B1,0067ff08,missing,missing,baseline_inventory,,
610,archive,609,SQ,00682b68,missing,missing,baseline_inventory,,
611,archive,610,PRS001,00683348,missing,missing,baseline_inventory,,
612,archive,611,DarkSoftware 1,0068f578,missing,missing,baseline_inventory,,
613,archive,612,DarkSoftware 2,006843a8,missing,missing,baseline_inventory,,
614,archive,613,RSVK,00692288,missing,missing,baseline_inventory,,
615,archive,614,DarkSoftware PPMD,006928c8,missing,missing,baseline_inventory,,
616,archive,615,WC Disk Image,00692d08,missing,missing,baseline_inventory,,
617,archive,616,BndL,00693658,missing,missing,baseline_inventory,,
618,archive,617,NetXfer,00693bb8,missing,missing,baseline_inventory,,
619,archive,618,SBPAK,00694198,missing,missing,baseline_inventory,,
620,archive,619,UEFI FFS,00694cc8,missing,missing,baseline_inventory,,
621,archive,620,LDS,00697218,missing,missing,baseline_inventory,,
622,archive,621,MathCAD,00697918,missing,missing,baseline_inventory,,
623,archive,622,VDI,0049dd88,partial,partial,baseline_inventory,XVirtualDiskArchive,FT_VDI
624,archive,623,MDX,0049dec8,missing,missing,baseline_inventory,,
625,archive,624,EALIB,00697c88,missing,missing,baseline_inventory,,
626,archive,625,ZFSF,006982c8,missing,missing,baseline_inventory,,
627,archive,626,JAM,006987b8,missing,missing,baseline_inventory,,
628,archive,627,Adaptec DirectCD,00699f78,missing,missing,baseline_inventory,,
629,archive,628,SQX,0069ebb8,missing,missing,baseline_inventory,,
630,archive,629,MI10,006a01c8,implemented_unverified,implemented_unverified,baseline_inventory,XMI10Archive,FT_MI10
631,archive,630,Copy Master,006a0de8,missing,missing,baseline_inventory,,
632,archive,631,Acronis,006a12f8,missing,missing,baseline_inventory,,
633,archive,632,DDAR,006a1b78,verified_subset,verified_subset,baseline_inventory,XDiskDoublerArchive,FT_DISK_DOUBLER_DDAR
634,archive,633,DDA2,006a2408,verified_subset,verified_subset,baseline_inventory,XDiskDoublerArchive,FT_DISK_DOUBLER_DDA2
635,archive,634,Disk Doubler,006a4338,verified_subset,verified_subset,baseline_inventory,XDiskDoublerArchive,FT_DISK_DOUBLER
636,archive,635,Z4,006a5848,missing,missing,baseline_inventory,,
637,archive,636,NBU,006a6368,missing,missing,baseline_inventory,,
638,archive,637,NoteTab,006a6ba8,missing,missing,baseline_inventory,,
639,archive,638,SunRav,006a7768,missing,missing,baseline_inventory,,
640,archive,639,TheBat,006a7e68,missing,missing,baseline_inventory,,
641,archive,640,TheBat MSB,006a86d8,missing,missing,baseline_inventory,,
642,archive,641,TBK,006a8d28,missing,missing,baseline_inventory,,
643,archive,642,Outlook Express MBX,006a9868,missing,missing,baseline_inventory,,
644,archive,643,Outlook Express,006aa068,missing,missing,baseline_inventory,,
645,archive,644,Second Nature,006ab368,missing,missing,baseline_inventory,,
646,archive,645,FSS,006abc98,missing,missing,baseline_inventory,,
647,archive,646,ELM,006ac238,missing,missing,baseline_inventory,,
648,archive,647,PCXLIB,006acba8,implemented_unverified,implemented_unverified,baseline_inventory,XDearkArchive,FT_DEARK_LEGACY_ARCHIVE
649,archive,648,ASZ,006ad118,missing,missing,baseline_inventory,,
650,archive,649,MSKN 1,006ad878,missing,missing,baseline_inventory,,
651,archive,650,MSKN 2,006ae098,missing,missing,baseline_inventory,,
652,archive,651,MSKN 3,006ae758,missing,missing,baseline_inventory,,
653,archive,652,MA10,006aeeb8,missing,missing,baseline_inventory,,
654,archive,653,RSD,006af6d8,missing,missing,baseline_inventory,,
655,archive,654,ENEX,006b00c8,missing,missing,baseline_inventory,,
656,archive,655,PaperPort,006c20c8,missing,missing,baseline_inventory,,
657,archive,656,FMC1,006c2be8,missing,missing,baseline_inventory,,
658,archive,657,CISO,0049e528,missing,missing,baseline_inventory,,
659,archive,658,DAX,0049e668,missing,missing,baseline_inventory,,
660,archive,659,JISO,0049e7a8,missing,missing,baseline_inventory,,
661,archive,660,HP FPM,006c3078,missing,missing,baseline_inventory,,
662,archive,661,BinSh Java,006c33c8,missing,missing,baseline_inventory,,
663,archive,662,BinSh InstallShield,006c38e8,missing,missing,baseline_inventory,,
664,archive,663,Long File Copy Service,006c4278,missing,missing,baseline_inventory,,
665,archive,664,Kodeks Archive,006c50b8,missing,missing,baseline_inventory,,
666,archive,665,Kodeks Update,006c5c88,missing,missing,baseline_inventory,,
667,archive,666,Kodeks DB,006c72e8,missing,missing,baseline_inventory,,
668,archive,667,Kodeks Document,006ca598,missing,missing,baseline_inventory,,
669,archive,668,PCM,0049e8e8,missing,missing,baseline_inventory,,
670,archive,669,BinSh Starkit,006cec08,missing,missing,baseline_inventory,,
671,archive,670,Starkit,006cf978,missing,missing,baseline_inventory,,
672,archive,671,EmmaSetup,006cfea8,missing,missing,baseline_inventory,,
673,archive,672,ECM,00487048,missing,missing,baseline_inventory,,
674,archive,673,OpenSSL,006d09d8,missing,missing,baseline_inventory,,
675,archive,674,HP OpenSSL 1,006d0d38,missing,missing,baseline_inventory,,
676,archive,675,HP OpenSSL 2,006d13b8,missing,missing,baseline_inventory,,
677,archive,676,Internet Archive,006d1c58,missing,missing,baseline_inventory,,
678,archive,677,Web Archive,006d3508,verified_subset,verified_subset,baseline_inventory,XWARC,FT_WARC
679,archive,678,FoxSqz,006d4be8,missing,missing,baseline_inventory,,
680,archive,679,Consultant Plus Archive,006d5708,missing,missing,baseline_inventory,,
681,archive,680,Consultant Plus DataBase,006d6588,missing,missing,baseline_inventory,,
682,archive,681,Unix Compact,006d8778,verified_subset,verified_subset,baseline_inventory,XCpmCompressedArchive,FT_UNIX_COMPACT
683,archive,682,Z VMS,006d8ed8,missing,missing,baseline_inventory,,
684,archive,683,DBZ,006d9458,missing,missing,baseline_inventory,,
685,archive,684,ETB,006d9908,missing,missing,baseline_inventory,,
686,archive,685,EVD,006d9f78,missing,missing,baseline_inventory,,
687,archive,686,LMD Container,006da478,missing,missing,baseline_inventory,,
688,archive,687,SVF,006db548,missing,missing,baseline_inventory,,
689,archive,688,Recognita,006dc2b8,missing,missing,baseline_inventory,,
690,archive,689,Parallels,0049ea28,missing,missing,baseline_inventory,,
691,archive,690,QED,0049eb70,missing,missing,baseline_inventory,,
692,archive,691,QCOW,0049ecb0,missing,missing,baseline_inventory,,
693,archive,692,QCOW2,0049edf0,partial,partial,baseline_inventory,XVirtualDiskArchive,FT_QCOW2
694,archive,693,Bochs,0049ef38,missing,missing,baseline_inventory,,
695,archive,694,XPA32,006dcdd8,missing,missing,baseline_inventory,,
696,archive,695,XPACK XDI,006ddb88,missing,missing,baseline_inventory,,
697,archive,696,XPACK XPA,006de418,missing,missing,baseline_inventory,,
698,archive,697,XPACK Single,006dd698,missing,missing,baseline_inventory,,
699,archive,698,ABRT,006de878,missing,missing,baseline_inventory,,
700,archive,699,SGDT,006def88,missing,missing,baseline_inventory,,
701,archive,700,Z Sybase,006dfa08,missing,missing,baseline_inventory,,
702,archive,701,SCI,006dfe68,missing,missing,baseline_inventory,,
703,archive,702,PB BBS,006e0298,missing,missing,baseline_inventory,,
704,archive,703,YZ,006e12e8,missing,missing,baseline_inventory,,
705,archive,704,XEDIT PACK,006e19d8,missing,missing,baseline_inventory,,
706,archive,705,BOO,006e20a8,implemented_unverified,implemented_unverified,baseline_inventory,XBOO,FT_BOO
707,archive,706,XUIZ,006e2818,missing,missing,baseline_inventory,,
708,archive,707,Zeno,006e3028,missing,missing,baseline_inventory,,
709,archive,708,ZIM,006e37e8,missing,missing,baseline_inventory,,
710,archive,709,UPX,006e42f8,implemented_unverified,implemented_unverified,baseline_inventory,XUPX,FT_UPX
711,archive,710,QNX Deflate,006e5348,missing,missing,baseline_inventory,,
712,archive,711,CSQ,006e5908,missing,missing,baseline_inventory,,
713,archive,712,PSARC,006e60a8,missing,missing,baseline_inventory,,
714,archive,713,SolFS,006e6ad8,missing,missing,baseline_inventory,,
715,archive,714,U-Boot,006e8078,missing,missing,baseline_inventory,,
716,archive,715,Android Boot,006e85c8,missing,missing,baseline_inventory,,
717,archive,716,1C EPF,006e8ae8,missing,missing,baseline_inventory,,
718,archive,717,Angelica,006e9638,missing,missing,baseline_inventory,,
719,archive,718,X64,0049f080,missing,missing,baseline_inventory,,
720,archive,719,C64 ARC,006ea4c8,missing,missing,baseline_inventory,,
721,archive,720,C64 VIDTEX,006eafb8,missing,missing,baseline_inventory,,
722,archive,721,C64S,006eb638,missing,missing,baseline_inventory,,
723,archive,722,C64 SDA,006ebf88,missing,missing,baseline_inventory,,
724,archive,723,C64 ARK,006ec358,missing,missing,baseline_inventory,,
725,archive,724,C64 Wraptor,006ecbb8,missing,missing,baseline_inventory,,
726,archive,725,C64 T64,006ed0f8,implemented_unverified,implemented_unverified,baseline_inventory,XT64,FT_C64_T64
727,archive,726,Safari WebArchive,006eded8,missing,missing,baseline_inventory,,
728,archive,727,OCRUS,006eea38,missing,missing,baseline_inventory,,
729,archive,728,PC Secure,006eef98,missing,missing,baseline_inventory,,
730,archive,729,CP Backup,006f0008,missing,missing,baseline_inventory,,
731,archive,730,TPWM,006f0be8,verified_subset,verified_subset,baseline_inventory,XAncient,FT_TPWM
732,archive,731,Panorama,006f16f8,missing,missing,baseline_inventory,,
733,archive,732,RTA,006f4138,missing,missing,baseline_inventory,,
734,archive,733,RTPatch Setup,006f4618,missing,missing,baseline_inventory,,
735,archive,734,RTPatch,006f7738,partial,partial,baseline_inventory,XRTPatch,FT_RTPATCH
736,archive,735,RTPatch DFC,006ff2a8,missing,missing,baseline_inventory,,
737,archive,736,LZK00,007026f8,missing,missing,baseline_inventory,,
738,archive,737,PKT,00702ab8,missing,missing,baseline_inventory,,
739,archive,738,HDLibrary,007035c8,missing,missing,baseline_inventory,,
740,archive,739,Zoot 1,00703bb8,missing,missing,baseline_inventory,,
741,archive,740,Zoot 2,00704458,missing,missing,baseline_inventory,,
742,archive,741,Squish Messages,00704dc8,missing,missing,baseline_inventory,,
743,archive,742,FoxMail,00705868,missing,missing,baseline_inventory,,
744,archive,743,Cronos Bank,00708408,missing,missing,baseline_inventory,,
745,archive,744,Amoeba MultiVol,0070c6a8,missing,missing,baseline_inventory,,
746,archive,745,Amoeba STARCH,0070cfb8,missing,missing,baseline_inventory,,
747,archive,746,TNEF,00710138,missing,missing,baseline_inventory,,
748,archive,747,Unix Mail Box,0071e708,missing,missing,baseline_inventory,,
749,archive,748,Becky,0071ed08,missing,missing,baseline_inventory,,
750,archive,749,MIME,00715308,missing,missing,baseline_inventory,,
751,archive,750,TAPEIO,0071e258,missing,missing,baseline_inventory,,
752,archive,751,ForteAgent,0071f308,missing,missing,baseline_inventory,,
753,archive,752,Outlook,007217f8,missing,missing,baseline_inventory,,
754,archive,753,IRIX SA,007257b8,missing,missing,baseline_inventory,,
755,archive,754,SDI,00725bf8,missing,missing,baseline_inventory,,
756,archive,755,Ghost,00726048,missing,missing,baseline_inventory,,
757,archive,756,Exchange,00729838,missing,missing,baseline_inventory,,
758,archive,757,ZLWB,0072aca8,missing,missing,baseline_inventory,,
759,archive,758,BKF,0071c8e8,missing,missing,baseline_inventory,,
760,archive,759,VHDX,0049c048,partial,verified_subset,integrated_verified_subset,XVirtualDiskArchive;XNTFSArchive,FT_VHDX
761,archive,760,COSI,0072b858,missing,missing,baseline_inventory,,
762,archive,761,CHD,0049f448,missing,missing,baseline_inventory,,
763,archive,762,V9T9,0072c128,missing,missing,baseline_inventory,,
764,archive,763,TI99 ARC,0072c518,missing,missing,baseline_inventory,,
765,archive,764,TI99 TDF,0049f588,missing,missing,baseline_inventory,,
766,archive,765,BK LZ,0072d468,missing,missing,baseline_inventory,,
767,archive,766,BK DLZ,0072da28,missing,missing,baseline_inventory,,
768,archive,767,HFE,0049f6d0,missing,missing,baseline_inventory,,
769,archive,768,VBK,0049f810,missing,missing,baseline_inventory,,
770,archive,769,HamCore,0072dde8,missing,missing,baseline_inventory,,
771,archive,770,RefPack,0072eb38,missing,missing,baseline_inventory,,
772,archive,771,BinSh InstallAnywhere,0072eea8,implemented_unverified,implemented_unverified,baseline_inventory,XInstallAnywhere,FT_INSTALLANYWHERE_SFX
773,archive,772,SREP,0072fda8,missing,missing,baseline_inventory,,
774,archive,773,Wintermute DCP,007300f8,implemented_unverified,implemented_unverified,baseline_inventory,XWintermuteDCP,FT_WINTERMUTE_DCP
775,archive,774,Maxon,00732cf8,missing,missing,baseline_inventory,,
776,archive,775,DSL 2,00733528,missing,missing,baseline_inventory,,
777,archive,776,SparseImage,0049f950,missing,missing,baseline_inventory,,
778,archive,777,BIGAF,00734c28,missing,missing,baseline_inventory,,
779,archive,778,AIAFF,00735228,missing,missing,baseline_inventory,,
780,archive,779,FTP_FT,00739868,missing,missing,baseline_inventory,,
781,archive,780,YSB_FT,0073a668,missing,missing,baseline_inventory,,
782,archive,781,DCL_FT,0052c7e0,implemented_unverified,implemented_unverified,baseline_inventory,XDearkArchive,FT_DEARK_LEGACY_ARCHIVE
783,archive,782,Binder_FT,00709ab8,missing,missing,baseline_inventory,,
784,archive,783,CyberArticle_FT,0070a628,missing,missing,baseline_inventory,,
785,archive,784,NeatNotes_FT,0070b818,missing,missing,baseline_inventory,,
786,archive,785,OutlookMail_FT,007203d8,missing,missing,baseline_inventory,,
787,archive,786,COMPOUND_FT,005676b8,verified_subset,verified_subset,baseline_inventory,XCFBF,FT_CFBF
788,archive,787,DUKENUKEM_GRP_FT,006435a8,implemented_unverified,implemented_unverified,baseline_inventory,XGRP,FT_BUILD_GRP
789,archive,788,CHASM_BIN_FT,00643a68,missing,missing,baseline_inventory,,
790,archive,789,DEMONSTAR_GLB_FT,00643f48,missing,missing,baseline_inventory,,
791,archive,790,VOLITION_VP_FT,00644408,missing,missing,baseline_inventory,,
792,archive,791,MLB_FT,00644a38,implemented_unverified,implemented_unverified,baseline_inventory,XLegacyStoreArchive,FT_MLB_ARCHIVE
793,archive,792,DEBUG_SCR_FT,00644ea8,missing,missing,baseline_inventory,,
794,archive,793,NOD32_FT,006458d8,missing,missing,baseline_inventory,,
795,archive,794,KLQB_FT,00645e68,missing,missing,baseline_inventory,,
796,archive,795,Rising_FT,00646808,missing,missing,baseline_inventory,,
797,archive,796,MOF_FT,00646ce8,missing,missing,baseline_inventory,,
798,archive,797,TopSpeed_FT,0064cd68,missing,missing,baseline_inventory,,
799,archive,798,Wolf_FT,00669648,implemented_unverified,implemented_unverified,baseline_inventory,XWolfVSwap,FT_WOLF_VSWAP
800,archive,799,EMSI_FT,0067eb38,missing,missing,baseline_inventory,,
801,archive,800,Stunts_FT,00699858,implemented_unverified,implemented_unverified,baseline_inventory,XLegacyStoreArchive,FT_STUNTS_DSI
802,archive,801,Drive_FT,006a0768,missing,missing,baseline_inventory,,
803,archive,802,ResourceFork_FT,006a4f58,implemented_unverified,implemented_unverified,baseline_inventory,XResourceFork,FT_RESOURCE_FORK
804,archive,803,Shtirlitz_FT,006d4048,missing,missing,baseline_inventory,,
805,archive,804,ConsultantPlus_FT,006d5b98,missing,missing,baseline_inventory,,
806,archive,805,BattleIsle_FT,006f1048,missing,missing,baseline_inventory,,
807,archive,806,BattleIsle4_FT,006f1e38,missing,missing,baseline_inventory,,
808,archive,807,Settlers_FT,00701688,missing,missing,baseline_inventory,,
809,archive,808,INTEDU_FT,0072f688,missing,missing,baseline_inventory,,
810,archive,809,Maxon_XML_FT,00733cf8,missing,missing,baseline_inventory,,
811,sfx,0,SFX RAR,004b58c8,partial,partial,baseline_inventory,XRarSFX;XSFX;XRar,FT_RARSFX;FT_PE32_WINRARSFX
812,sfx,1,SFX ZIP,004dfd08,partial,partial,baseline_inventory,XZipSFX;XSFX;XZip,FT_ZIPSFX
813,sfx,2,SFX CAB,004cb058,implemented_unverified,implemented_unverified,baseline_inventory,XCabSFX;XSFX;XCab,FT_CABSFX
814,sfx,3,SFX SZDD,00766318,implemented_unverified,implemented_unverified,baseline_inventory,XSzddSFX;XSFX,FT_SZDDSFX
815,sfx,4,SFX KWAJ,004f0728,implemented_unverified,implemented_unverified,baseline_inventory,XKwajSFX;XSFX,FT_KWAJSFX
816,sfx,5,SFX ARJ,004f90f8,implemented_unverified,implemented_unverified,baseline_inventory,XArjSFX;XSFX,FT_ARJSFX
817,sfx,6,SFX LHA,004f6368,implemented_unverified,implemented_unverified,baseline_inventory,XLhaSFX;XSFX,FT_LHASFX
818,sfx,7,SFX IS3,004c70c8,partial,partial,baseline_inventory,XIS3SFXArchive,FT_INSTALLSHIELD3_SFX
819,sfx,8,SFX IMP,004a4fc8,missing,missing,baseline_inventory,,
820,sfx,9,SFX GZIP,0045e838,implemented_unverified,implemented_unverified,baseline_inventory,XGzipSFX;XSFX;XGzip,FT_GZIPSFX
821,sfx,10,SFX BSA,0051d228,missing,missing,baseline_inventory,,
822,sfx,11,SFX BSN,0051da58,missing,missing,baseline_inventory,,
823,sfx,12,SFX NSK,0051fea8,missing,missing,baseline_inventory,,
824,sfx,13,SFX SBX,005210a8,missing,missing,baseline_inventory,,
825,sfx,14,SFX ESP,00534668,missing,missing,baseline_inventory,,
826,sfx,15,SFX ASD,00535bc8,missing,missing,baseline_inventory,,
827,sfx,16,SFX CrossePAC,00537758,missing,missing,baseline_inventory,,
828,sfx,17,SFX Asymetrix,00555098,missing,missing,baseline_inventory,,
829,sfx,18,SFX ARCV2,004ee5b8,missing,missing,baseline_inventory,,
830,sfx,19,SFX SPIS,00501c48,implemented_unverified,implemented_unverified,baseline_inventory,XSpisSFX;XSPIS,FT_SPISSFX
831,sfx,20,SFX IS3,0073adc8,partial,partial,baseline_inventory,XIS3SFXArchive,FT_INSTALLSHIELD3_SFX
832,sfx,21,SFX SetupFactory,0073b368,missing,missing,baseline_inventory,,
833,sfx,22,SFX PCInstall,0073dba8,missing,missing,baseline_inventory,,
834,sfx,23,SFX PackageForTheWeb,0073e198,missing,missing,baseline_inventory,,
835,sfx,24,SFX YoDudeStartHere,0073e978,missing,missing,baseline_inventory,,
836,sfx,25,SFX GPInstall,0073ee38,partial,partial,baseline_inventory,XLegacyStoreArchive,FT_GPINSTALL_SFX
837,sfx,26,SFX InstallUs,0073f238,missing,missing,baseline_inventory,,
838,sfx,27,SFX SFXFactory,0073f6b8,missing,missing,baseline_inventory,,
839,sfx,28,SFX Wise,0073fba8,partial,partial,baseline_inventory,XWiseSFXArchive,FT_WISE_SFX
840,sfx,29,SFX ZTV,00740888,missing,missing,baseline_inventory,,
841,sfx,30,SFX PowerArchiver,00740bf8,missing,missing,baseline_inventory,,
842,sfx,31,SFX PowerArchiver,00741018,missing,missing,baseline_inventory,,
843,sfx,32,SFX WinRar,007414d8,partial,partial,baseline_inventory,XRarSFX;XSFX;XRar,FT_RARSFX;FT_PE32_WINRARSFX
844,sfx,33,SFX RSFX,007416f8,missing,missing,baseline_inventory,,
845,sfx,34,SFX INFTool,00741918,missing,missing,baseline_inventory,,
846,sfx,35,SFX Vise,00742808,partial,partial,baseline_inventory,XLegacyStoreArchive,FT_VISE_SFX
847,sfx,36,SFX FFS,00747be8,missing,missing,baseline_inventory,,
848,sfx,37,SFX KRZIP,00748288,missing,missing,baseline_inventory,,
849,sfx,38,SFX KRZIP Bundle,007491b8,missing,missing,baseline_inventory,,
850,sfx,39,SFX SetupSpecialist,00749af8,missing,missing,baseline_inventory,,
851,sfx,40,SFX ARNI,0074a518,missing,missing,baseline_inventory,,
852,sfx,41,SFX IS2,0074aad8,missing,missing,baseline_inventory,,
853,sfx,42,SFX WinImage,0074b578,missing,missing,baseline_inventory,,
854,sfx,43,SFX PIMP,0074b968,implemented_unverified,implemented_unverified,baseline_inventory,XLegacyStoreArchive,FT_PIMP_SFX
855,sfx,44,SFX GhostInstaller,006515b8,missing,missing,baseline_inventory,,
856,sfx,45,SFX ARQ,0074c078,implemented_unverified,implemented_unverified,baseline_inventory,XArqSFX;XSFX;XARQ,FT_ARQSFX
857,sfx,46,SFX ZeroG,0074c2f8,missing,missing,baseline_inventory,,
858,sfx,47,SFX KUP,0074c9d8,missing,missing,baseline_inventory,,
859,sfx,48,SFX Lingvo,0074d2a8,missing,missing,baseline_inventory,,
860,sfx,49,SFX PatchWise,0074db08,missing,missing,baseline_inventory,,
861,sfx,50,SFX IMP,0074e258,missing,missing,baseline_inventory,,
862,sfx,51,SFX DeskSoft,0074e528,missing,missing,baseline_inventory,,
863,sfx,52,SFX InstalitShadow,0074e9d8,partial,partial,baseline_inventory,XLegacyStoreArchive,FT_INSTALIT_SFX
864,sfx,53,SFX InfoZIP,0074ee68,partial,partial,baseline_inventory,XZipSFX;XSFX;XZip,FT_ZIPSFX
865,sfx,54,SFX ZPAK,0074f0a8,missing,missing,baseline_inventory,,
866,sfx,55,SFX Marriage1,0074f998,missing,missing,baseline_inventory,,
867,sfx,56,SFX Marriage2,0074fae0,missing,missing,baseline_inventory,,
868,sfx,57,SFX Install4j,007504f8,missing,missing,baseline_inventory,,
869,sfx,58,SFX CHZ,00574ce8,missing,missing,baseline_inventory,,
870,sfx,59,SFX AIN,00575fa8,missing,missing,baseline_inventory,,
871,sfx,60,SFX Tarma,007510b8,missing,missing,baseline_inventory,,
872,sfx,61,SFX Tarma 3,00751658,missing,missing,baseline_inventory,,
873,sfx,62,SFX AD01,00751bf8,missing,missing,baseline_inventory,,
874,sfx,63,SFX CRC1,00751ee8,missing,missing,baseline_inventory,,
875,sfx,64,SFX SpamFighter,007520f8,missing,missing,baseline_inventory,,
876,sfx,65,SFX CreateInstall,007528e8,implemented_unverified,implemented_unverified,baseline_inventory,XCreateInstall,FT_PE32_CREATEINSTALL
877,sfx,66,SFX aPackage,00753458,missing,missing,baseline_inventory,,
878,sfx,67,SFX EPSF,00753ce8,missing,missing,baseline_inventory,,
879,sfx,68,SFX NSIS,00754298,partial,partial,baseline_inventory,XNSIS,FT_PE32_NSIS
880,sfx,69,SFX IFAH,007553c8,missing,missing,baseline_inventory,,
881,sfx,70,SFX FlashJester,007559b8,missing,missing,baseline_inventory,,
882,sfx,71,SFX ExeAttachment,00755eb8,missing,missing,baseline_inventory,,
883,sfx,72,SFX FreeArc,00595f98,partial,partial,baseline_inventory,XFreeArcSFX;XSFX;XFREEARC,FT_FREEARCSFX
884,sfx,73,SFX Gentee,00756b88,missing,missing,baseline_inventory,,
885,sfx,74,SFX LZHBatch,00757558,missing,missing,baseline_inventory,,
886,sfx,75,SFX EXEPress,00757fe8,missing,missing,baseline_inventory,,
887,sfx,76,SFX SFXBuilder,00758308,missing,missing,baseline_inventory,,
888,sfx,77,SFX InnoSetup,0075c218,partial,partial,baseline_inventory,XInnoSetup,FT_PE32_INNOSETUP
889,sfx,78,SFX ChiefLZ Multiple 2,0059eab8,missing,missing,baseline_inventory,,
890,sfx,79,SFX McAfee 1,0075dd08,missing,missing,baseline_inventory,,
891,sfx,80,SFX McAfee 2,0075e238,missing,missing,baseline_inventory,,
892,sfx,81,SFX Pablo,0075e828,missing,missing,baseline_inventory,,
893,sfx,82,SFX SKY,005abf58,missing,missing,baseline_inventory,,
894,sfx,83,SFX Disk eXPress,005ac8b8,missing,missing,baseline_inventory,,
895,sfx,84,SFX WinZip,0075f3c8,partial,partial,baseline_inventory,XZipSFX;XSFX;XZip,FT_ZIPSFX
896,sfx,85,SFX WinZip,0075f510,partial,partial,baseline_inventory,XZipSFX;XSFX;XZip,FT_ZIPSFX
897,sfx,86,SFX GXL,005cb948,implemented_unverified,implemented_unverified,baseline_inventory,XSFX;XDearkArchive,FT_PE32_SFX
898,sfx,87,SFX ARC,004e97f8,partial,partial,baseline_inventory,XArcSFX;XSFX;XSEAARC,FT_ARCSFX
899,sfx,88,SFX Blink,005cf228,missing,missing,baseline_inventory,,
900,sfx,89,SFX ARX,005d0278,missing,missing,baseline_inventory,,
901,sfx,90,SFX JRC,005d11f8,missing,missing,baseline_inventory,,
902,sfx,91,SFX ClientInstall,0075fa38,missing,missing,baseline_inventory,,
903,sfx,92,SFX ARS,0075fc58,missing,missing,baseline_inventory,,
904,sfx,93,SFX IS14,00760518,implemented_unverified,implemented_unverified,baseline_inventory,XIS14SFXArchive,FT_IS14_SFX
905,sfx,94,SFX SFXSTART,00760d68,missing,missing,baseline_inventory,,
906,sfx,95,SFX SFXEXE,007612a8,missing,missing,baseline_inventory,,
907,sfx,96,SFX OSetup,007614b8,missing,missing,baseline_inventory,,
908,sfx,97,SFX CroInstaller,00761948,missing,missing,baseline_inventory,,
909,sfx,98,SFX ClickTeam,00762508,partial,partial,baseline_inventory,XClickteam,FT_PE32_CLICKTEAM
910,sfx,99,SFX 7-ZIP,0050f0a8,partial,partial,baseline_inventory,XSevenZipSFX;XSFX;XSevenZip,FT_PE32_7ZSFX
911,sfx,100,SFX 7-ZIP,0050f1e8,partial,partial,baseline_inventory,XSevenZipSFX;XSFX;XSevenZip,FT_PE32_7ZSFX
912,sfx,101,SFX SQZ,005dff98,implemented_unverified,implemented_unverified,baseline_inventory,XSqzSFX;XSFX;XSQZ,FT_SQZSFX
913,sfx,102,SFX CAR,005eb428,missing,missing,baseline_inventory,,
914,sfx,103,SFX JZIP,005f53d8,missing,missing,baseline_inventory,,
915,sfx,104,SFX ShInBo,005f7278,missing,missing,baseline_inventory,,
916,sfx,105,SFX QAR,005f9818,missing,missing,baseline_inventory,,
917,sfx,106,SFX ACE,00500498,missing,missing,baseline_inventory,,
918,sfx,107,SFX ICEOWS,00600628,missing,missing,baseline_inventory,,
919,sfx,108,SFX NSS,00769488,missing,missing,baseline_inventory,,
920,sfx,109,SFX BZIP2,00433038,missing,verified_subset,integrated_verified_subset,XBzip2SFX;XSFX;XBZIP2,FT_BZIP2SFX
921,sfx,110,SFX Floppy Image,00769b08,missing,missing,baseline_inventory,,
922,sfx,111,SFX Raw Image,0049bc68,missing,missing,baseline_inventory,,
923,sfx,112,SFX GCS,00769d38,missing,missing,baseline_inventory,,
924,sfx,113,SFX WarpIn,0076a6d8,missing,missing,baseline_inventory,,
925,sfx,114,SFX ARDI 1,0076a9e8,missing,missing,baseline_inventory,,
926,sfx,115,SFX ARDI 2,0076b008,missing,missing,baseline_inventory,,
927,sfx,116,SFX Cisco,0076b828,missing,missing,baseline_inventory,,
928,sfx,117,SFX ISNI,0076bb38,missing,missing,baseline_inventory,,
929,sfx,118,SFX SFPack,00628dd8,missing,missing,baseline_inventory,,
930,sfx,119,SFX sfArk,0062b6b8,missing,missing,baseline_inventory,,
931,sfx,120,SFX RED,0056bcc8,missing,missing,baseline_inventory,,
932,sfx,121,SFX SoftPaq 4,0076c2f8,missing,missing,baseline_inventory,,
933,sfx,122,SFX Compaq Install,0076c888,missing,missing,baseline_inventory,,
934,sfx,123,SFX SWAG,00653a88,missing,missing,baseline_inventory,,
935,sfx,124,SFX Sydex,0076d378,missing,missing,baseline_inventory,,
936,sfx,125,SFX PKSFX,0076dbd8,missing,missing,baseline_inventory,,
937,sfx,126,SFX InnoTek,0076de68,missing,missing,baseline_inventory,,
938,sfx,127,SFX BookBizMaster,00770488,missing,missing,baseline_inventory,,
939,sfx,128,SFX Excelsior Installer,00771438,missing,missing,baseline_inventory,,
940,sfx,129,SFX VMS DCX,0066faa8,missing,missing,baseline_inventory,,
941,sfx,130,SFX VMS PCSI,006700e8,missing,missing,baseline_inventory,,
942,sfx,131,SFX MMF2,00772268,missing,missing,baseline_inventory,,
943,sfx,132,SFX FXC,004d81a8,missing,missing,baseline_inventory,,
944,sfx,133,SFX SQX 1,007737e8,missing,missing,baseline_inventory,,
945,sfx,134,SFX SQX 2,00773be8,missing,missing,baseline_inventory,,
946,sfx,135,SFX SQX 3,00774038,missing,missing,baseline_inventory,,
947,sfx,136,SFX StuffIt,00774268,missing,missing,baseline_inventory,,
948,sfx,137,SFX Advanced Installer,007745b8,partial,partial,baseline_inventory,XAdvancedInstaller,FT_PE32_ADVANCEDINSTALLER
949,sfx,138,SFX SELFX,00774dc8,missing,missing,baseline_inventory,,
950,sfx,139,SFX VisualWare,007750a8,missing,missing,baseline_inventory,,
951,sfx,140,EXE EBookEditPro,00775d18,missing,missing,baseline_inventory,,
952,sfx,141,EXE EBookMaestro,00777348,missing,missing,baseline_inventory,,
953,sfx,142,EXE EBookCreator,00777fd8,missing,missing,baseline_inventory,,
954,sfx,143,EXE WebExe,007785f8,missing,missing,baseline_inventory,,
955,sfx,144,EXE SBookBuilder,00778dd8,missing,missing,baseline_inventory,,
956,sfx,145,EXE NatataEBook,007794c8,missing,missing,baseline_inventory,,
957,sfx,146,EXE SunRav,006a78a8,missing,missing,baseline_inventory,,
958,sfx,147,EXE CopyQM,00779bf8,implemented_unverified,implemented_unverified,baseline_inventory,XCopyQM,FT_MSDOS_COPYQM
959,sfx,148,SFX NSIS,00784fb8,partial,partial,baseline_inventory,XNSIS,FT_PE32_NSIS
960,sfx,149,SFX ZipCentral,00785908,missing,missing,baseline_inventory,,
961,sfx,150,SFX MakeSFX,00785b88,missing,missing,baseline_inventory,,
962,sfx,151,SFX IS18,00786538,missing,missing,baseline_inventory,,
963,sfx,152,SFX Smart Install Maker,00786cb8,partial,partial,baseline_inventory,XSmartInstall,FT_PE32_SMARTINSTALL
964,sfx,153,SFX Smart Install Maker,00786e00,partial,partial,baseline_inventory,XSmartInstall,FT_PE32_SMARTINSTALL
965,sfx,154,SFX RTA,006f4138,missing,missing,baseline_inventory,,
966,sfx,155,SFX RTPatch,006f7738,partial,partial,baseline_inventory,XRTPatchSFX;XSFX;XRTPatch,FT_RTPATCHSFX
967,sfx,156,SFX Starkit,006cf978,missing,missing,baseline_inventory,,
968,sfx,157,SFX RTPatch DFC,006ff2a8,missing,missing,baseline_inventory,,
969,sfx,158,SFX QSetup,0078a968,missing,missing,baseline_inventory,,
970,sfx,159,SFX MetaProducts,0078b238,missing,missing,baseline_inventory,,
971,sfx,160,SFX IS19,0078b748,missing,missing,baseline_inventory,,
972,sfx,161,SFX Paquet Builder,0078bc88,missing,missing,baseline_inventory,,
973,filesystem,0,ISO,00461bb0,partial,partial,baseline_inventory,XISO9660,FT_ISO9660
974,filesystem,1,Minix,004406b0,missing,missing,baseline_inventory,,
975,filesystem,2,BeFS,00441d70,missing,missing,baseline_inventory,,
976,filesystem,3,Ext2,00443bd0,missing,missing,baseline_inventory,,
977,filesystem,4,UFS,00445040,missing,missing,baseline_inventory,,
978,filesystem,5,UFS2,00445fb0,missing,missing,baseline_inventory,,
979,filesystem,6,HPFS,00446d80,missing,missing,baseline_inventory,,
980,filesystem,7,QNX4,004479c0,missing,missing,baseline_inventory,,
981,filesystem,8,QNX6,004489c0,missing,missing,baseline_inventory,,
982,filesystem,9,ProDOS,0044a530,missing,missing,baseline_inventory,,
983,filesystem,10,MFS,0044bae0,missing,missing,baseline_inventory,,
984,filesystem,11,UNIX_V5,0044c210,missing,missing,baseline_inventory,,
985,filesystem,12,UNIX_V7,0044ce10,missing,missing,baseline_inventory,,
986,filesystem,13,UNIX_SCO,0044db10,missing,missing,baseline_inventory,,
987,filesystem,14,Apple_DOS33,0044f6b0,missing,missing,baseline_inventory,,
988,filesystem,15,AIX,00451030,missing,missing,baseline_inventory,,
989,filesystem,16,Excelsior,00451dd0,missing,missing,baseline_inventory,,
990,filesystem,17,Files11,004528b0,missing,missing,baseline_inventory,,
991,filesystem,18,NTFS,0046a480,missing,verified_subset,integrated_verified_subset,XNTFSArchive;XVirtualDiskArchive,FT_NTFS;FT_VHD;FT_VHDX
992,filesystem,19,exFAT,0046d9d0,missing,missing,baseline_inventory,,
993,filesystem,20,ReFS,0046e800,missing,missing,baseline_inventory,,
994,filesystem,21,HFS,004722d0,missing,missing,baseline_inventory,,
995,filesystem,22,HFS_Plus,004707a0,missing,missing,baseline_inventory,,
996,filesystem,23,XiaFS,0047b6b0,missing,missing,baseline_inventory,,
997,filesystem,24,Fossil,0047c440,missing,missing,baseline_inventory,,
998,filesystem,25,SmakyFOS,0047d780,missing,missing,baseline_inventory,,
999,filesystem,26,AtheFS,0047e3a0,missing,missing,baseline_inventory,,
1000,filesystem,27,SOS1,004290a0,missing,missing,baseline_inventory,,
1001,filesystem,28,ADF,004283b0,missing,missing,baseline_inventory,,
1002,filesystem,29,UCSD,0047f8e0,missing,missing,baseline_inventory,,
1003,filesystem,30,CBM,004808f0,missing,missing,baseline_inventory,,
1004,filesystem,31,Amoeba_Bullet,00482340,missing,missing,baseline_inventory,,
1005,filesystem,32,Amoeba_Kernel,00482f10,missing,missing,baseline_inventory,,
1006,filesystem,33,EFS,004833f0,missing,missing,baseline_inventory,,
1007,filesystem,34,TI99,00490930,missing,missing,baseline_inventory,,
1008,filesystem,35,TI99,00491380,missing,missing,baseline_inventory,,
1009,filesystem,36,3DO,00492940,missing,missing,baseline_inventory,,
1010,filesystem,37,Game Alien,004930c0,missing,missing,baseline_inventory,,
1011,filesystem,38,TRDOS,00497490,missing,missing,baseline_inventory,,
1012,filesystem,39,Atari,00498a10,missing,missing,baseline_inventory,,
1013,filesystem,40,Game Zoids,0049b3d0,missing,missing,baseline_inventory,,
